,Accuracy,F1
Logistic Regression,0.88076,0.8810122540214744
SVM,0.86516,0.864580404129675
Random Forest,0.8432,0.8410896708286039
XGBoost,0.84812,0.8512089031701869
