Dataset,Accuracy,F1
IMDB,0.8565,0.8507540301612064
Twitter,0.681,0.6573576799140709
